CBD,LAT,LON,THK,SRF
0,-77.875,166.9133,9999,9999
1,-77.875,166.913101,9999,9999
2,-77.875,166.918304,9999,9999
3,-77.875,166.922302,9999,9999
4,-77.875,166.927704,9999,9999
5,-77.875,166.931702,9999,9999
6,-77.874893,166.936905,9999,9999
7,-77.874893,166.939499,9999,9999
8,-77.872101,166.940704,9999,9999
9,-77.872101,166.937805,9999,9999
10,-77.872101,166.941803,9999,9999
11,-77.870697,166.947205,9999,9999
12,-77.870697,166.952499,9999,9999
13,-77.870697,166.952301,9999,9999
14,-77.870605,166.951904,9999,9999
15,-77.870605,166.951599,9999,9999
16,-77.870499,166.951294,9999,9999
17,-77.870499,166.950897,9999,9999
18,-77.870499,166.9505,9999,9999
19,-77.870407,166.950195,9999,9999
20,-77.870407,166.950104,9999,9999
21,-77.8703,166.949493,9999,9999
22,-77.8703,166.949295,9999,9999
23,-77.871704,166.9478,9999,9999
24,-77.871704,166.946198,9999,9999
25,-77.875702,166.942001,9999,9999
26,-77.879898,166.937805,9999,9999
27,-77.882599,166.933502,9999,9999
28,-77.888107,166.941696,9999,9999
29,-77.893494,166.948502,9999,9999
30,-77.899002,166.9552,9999,9999
31,-77.905899,166.968903,9999,9999
32,-77.914093,166.990707,9999,9999
33,-77.923706,167.019501,9999,9999
34,-77.9319,167.044098,9999,9999
35,-77.945602,167.033096,9999,9999
36,-77.960693,167.015106,9999,9999
37,-77.973007,167,9999,9999
38,-77.985397,166.990295,9999,9999
39,-77.9991,166.984695,9999,9999
40,-78.014206,166.980499,9999,9999
41,-78.027893,166.973602,9999,9999
42,-78.042999,166.979095,9999,9999
43,-78.058105,166.963898,9999,9999
44,-78.073196,166.914307,9999,9999
45,-78.086899,166.8703,9999,9999
46,-78.0979,166.826294,9999,9999
47,-78.113007,166.787796,9999,9999
48,-78.129501,166.747894,9999,9999
49,-78.143204,166.717606,9999,9999
50,-78.162399,166.683197,9999,9999
51,-78.177505,166.688705,9999,9999
52,-78.194,166.687195,9999,9999
53,-78.207703,166.688599,9999,9999
54,-78.224197,166.684296,9999,9999
55,-78.2379,166.691193,9999,9999
56,-78.250198,166.688293,9999,9999
57,-78.263901,166.699295,9999,9999
58,-78.277695,166.700607,9999,9999
59,-78.291397,166.708801,9999,9999
60,-78.305099,166.707306,9999,9999
61,-78.318802,166.707306,9999,9999
62,-78.333893,166.704407,9999,9999
63,-78.346298,166.693298,9999,9999
64,-78.361298,166.678207,9999,9999
65,-78.373703,166.656204,9999,9999
66,-78.387405,166.631302,9999,9999
67,-78.401093,166.612,9999,9999
68,-78.416199,166.589996,9999,9999
69,-78.429901,166.570694,9999,9999
70,-78.443695,166.551407,9999,9999
71,-78.460098,166.538895,9999,9999
72,-78.475204,166.525208,9999,9999
73,-78.491699,166.509995,9999,9999
74,-78.506805,166.501694,9999,9999
75,-78.523193,166.481003,9999,9999
76,-78.5383,166.474106,9999,9999
77,-78.550705,166.471298,9999,9999
78,-78.567093,166.457504,9999,9999
79,-78.578094,166.4505,9999,9999
80,-78.594604,166.434006,9999,9999
81,-78.606903,166.425705,9999,9999
82,-78.621994,166.422897,9999,9999
83,-78.632996,166.417297,9999,9999
84,-78.648102,166.408997,9999,9999
85,-78.661804,166.392395,9999,9999
86,-78.676895,166.384201,9999,9999
87,-78.692001,166.374496,9999,9999
88,-78.705704,166.352402,9999,9999
89,-78.722198,166.328995,9999,9999
90,-78.738602,166.309692,9999,9999
91,-78.759201,166.287704,9999,9999
92,-78.7771,166.268402,9999,9999
93,-78.797699,166.2491,9999,9999
94,-78.816895,166.224304,9999,9999
95,-78.836105,166.209198,9999,9999
96,-78.853897,166.178894,9999,9999
97,-78.874496,166.162399,9999,9999
98,-78.892303,166.148605,9999,9999
99,-78.911606,166.1362,9999,9999
100,-78.932098,166.132004,9999,9999
101,-78.949997,166.116898,9999,9999
102,-78.967804,166.107193,9999,9999
103,-78.988403,166.097595,9999,9999
104,-79.004898,166.085205,9999,9999
105,-79.024094,166.080994,9999,9999
106,-79.0392,166.075394,9999,9999
107,-79.054306,166.064407,9999,9999
108,-79.067993,166.054703,9999,9999
109,-79.083099,166.044998,9999,9999
110,-79.096802,166.036697,9999,9999
111,-79.110504,166.029694,9999,9999
112,-79.125595,166.0159,9999,9999
113,-79.136597,166.003494,9999,9999
114,-79.151703,165.990997,9999,9999
115,-79.164001,165.979996,9999,9999
116,-79.176407,165.968903,9999,9999
117,-79.187302,165.955002,9999,9999
118,-79.203796,165.937103,9999,9999
119,-79.216095,165.936996,9999,9999
120,-79.2285,165.928696,9999,9999
121,-79.240799,165.914902,9999,9999
122,-79.253204,165.899704,9999,9999
123,-79.265503,165.877701,9999,9999
124,-79.279205,165.865204,9999,9999
125,-79.288803,165.808807,9999,9999
126,-79.290207,165.7276,9999,9999
127,-79.279205,165.673798,9999,9999
128,-79.264099,165.650208,9999,9999
129,-79.251694,165.692596,9999,9999
130,-79.242096,165.761093,9999,9999
131,-79.246201,165.830994,9999,9999
132,-79.254395,165.885803,9999,9999
133,-79.262604,165.943405,9999,9999
134,-79.269394,166.002396,9999,9999
135,-79.279007,166.0737,9999,9999
136,-79.285797,166.123001,9999,9999
137,-79.295395,166.179199,9999,9999
138,-79.2995,166.256104,9999,9999
139,-79.303604,166.323196,9999,9999
140,-79.310501,166.384903,9999,9999
141,-79.317307,166.453506,9999,9999
142,-79.3228,166.515198,9999,9999
143,-79.328201,166.586502,9999,9999
144,-79.335098,166.659195,9999,9999
145,-79.339203,166.718094,9999,9999
146,-79.344604,166.789398,9999,9999
147,-79.347397,166.852402,9999,9999
148,-79.354202,166.915497,9999,9999
149,-79.359604,166.985397,9999,9999
150,-79.363693,167.044403,9999,9999
151,-79.367798,167.104706,9999,9999
152,-79.374695,167.163605,9999,9999
153,-79.380096,167.239105,9999,9999
154,-79.385605,167.2966,9999,9999
155,-79.389694,167.358307,9999,9999
156,-79.393799,167.421295,9999,9999
157,-79.400604,167.489899,9999,9999
158,-79.403397,167.558502,9999,9999
159,-79.406097,167.622803,9999,9999
160,-79.412903,167.695496,9999,9999
161,-79.419693,167.7668,9999,9999
162,-79.423798,167.840897,9999,9999
163,-79.427902,167.909393,9999,9999
164,-79.430603,167.977905,9999,9999
165,-79.436096,168.050598,9999,9999
166,-79.440201,168.115097,9999,9999
167,-79.444305,168.187698,9999,9999
168,-79.448395,168.256195,9999,9999
169,-79.452499,168.324799,9999,9999
170,-79.456604,168.398804,9999,9999
171,-79.462006,168.471497,9999,9999
172,-79.467499,168.545502,9999,9999
173,-79.471603,168.612701,9999,9999
174,-79.475693,168.679794,9999,9999
175,-79.479797,168.752502,9999,9999
176,-79.483902,168.825104,9999,9999
177,-79.489304,168.895096,9999,9999
178,-79.492096,168.959503,9999,9999
179,-79.497498,169.037598,9999,9999
180,-79.503006,169.111694,9999,9999
181,-79.507095,169.181595,9999,9999
182,-79.5112,169.252899,9999,9999
183,-79.516602,169.321396,9999,9999
184,-79.523499,169.391296,9999,9999
185,-79.5289,169.458496,9999,9999
186,-79.533005,169.532501,9999,9999
187,-79.538498,169.606598,9999,9999
188,-79.544006,169.675095,9999,9999
189,-79.548004,169.754593,9999,9999
190,-79.5522,169.823196,9999,9999
191,-79.556305,169.893097,9999,9999
192,-79.563095,169.961594,9999,9999
193,-79.5672,170.035599,9999,9999
194,-79.571304,170.105499,9999,9999
195,-79.578094,170.178207,9999,9999
196,-79.583603,170.252197,9999,9999
197,-79.589096,170.323502,9999,9999
198,-79.593201,170.405701,9999,9999
199,-79.597198,170.481201,9999,9999
200,-79.602707,170.555206,9999,9999
201,-79.606796,170.6306,9999,9999
202,-79.612305,170.704605,9999,9999
203,-79.616394,170.784103,9999,9999
204,-79.620499,170.865005,9999,9999
205,-79.624603,170.941803,9999,9999
206,-79.628601,171.017197,9999,9999
207,-79.635498,171.102203,9999,9999
208,-79.636795,171.178894,9999,9999
209,-79.6409,171.254303,9999,9999
210,-79.642303,171.336594,9999,9999
211,-79.647797,171.410599,9999,9999
212,-79.651901,171.487396,9999,9999
213,-79.654602,171.564102,9999,9999
214,-79.658707,171.645004,9999,9999
215,-79.6642,171.714905,9999,9999
216,-79.671005,171.799896,9999,9999
217,-79.675095,171.869797,9999,9999
218,-79.679199,171.941101,9999,9999
219,-79.683304,172.027405,9999,9999
220,-79.687302,172.097305,9999,9999
221,-79.692795,172.175507,9999,9999
222,-79.696899,172.245407,9999,9999
223,-79.701004,172.322098,9999,9999
224,-79.705093,172.391998,9999,9999
225,-79.709198,172.478394,9999,9999
226,-79.714706,172.555206,9999,9999
227,-79.718796,172.626404,9999,9999
228,-79.7229,172.701797,9999,9999
229,-79.727005,172.774506,9999,9999
230,-79.732407,172.855392,9999,9999
231,-79.736496,172.926605,9999,9999
232,-79.740601,172.997803,9999,9999
233,-79.744705,173.0746,9999,9999
234,-79.748795,173.160995,9999,9999
235,-79.754303,173.233597,9999,9999
236,-79.759796,173.314499,9999,9999
237,-79.763794,173.385803,9999,9999
238,-79.766602,173.458405,9999,9999
239,-79.772003,173.529694,9999,9999
240,-79.777496,173.6064,9999,9999
241,-79.783005,173.679001,9999,9999
242,-79.787094,173.755798,9999,9999
243,-79.791199,173.842194,9999,9999
244,-79.795303,173.914795,9999,9999
245,-79.799393,173.992905,9999,9999
246,-79.802094,174.070999,9999,9999
247,-79.806198,174.142303,9999,9999
248,-79.811707,174.220398,9999,9999
249,-79.814407,174.308105,9999,9999
250,-79.817093,174.391693,9999,9999
251,-79.819794,174.475296,9999,9999
252,-79.826706,174.5672,9999,9999
253,-79.828003,174.645401,9999,9999
254,-79.830795,174.728897,9999,9999
255,-79.836197,174.811203,9999,9999
256,-79.838898,174.890701,9999,9999
257,-79.844406,174.9729,9999,9999
258,-79.848495,175.056503,9999,9999
259,-79.849899,175.140198,9999,9999
260,-79.855301,175.229202,9999,9999
261,-79.856705,175.322495,9999,9999
262,-79.862198,175.411606,9999,9999
263,-79.866302,175.493805,9999,9999
264,-79.870407,175.582901,9999,9999
265,-79.873093,175.666504,9999,9999
266,-79.875793,175.754196,9999,9999
267,-79.881302,175.848801,9999,9999
268,-79.884003,175.937897,9999,9999
269,-79.888107,176.020203,9999,9999
270,-79.8936,176.1203,9999,9999
271,-79.897705,176.209305,9999,9999
272,-79.900406,176.292999,9999,9999
273,-79.903107,176.382004,9999,9999
274,-79.9086,176.471207,9999,9999
275,-79.9086,176.567093,9999,9999
276,-79.914001,176.650696,9999,9999
277,-79.915405,176.739807,9999,9999
278,-79.920898,176.824799,9999,9999
279,-79.922195,176.924896,9999,9999
280,-79.9263,177.013901,9999,9999
281,-79.930405,177.113998,9999,9999
282,-79.934494,177.197601,9999,9999
283,-79.935898,177.293503,9999,9999
284,-79.938599,177.388199,9999,9999
285,-79.942703,177.482697,9999,9999
286,-79.945404,177.578705,9999,9999
287,-79.949493,177.667801,9999,9999
288,-79.953598,177.773407,9999,9999
289,-79.955002,177.867905,9999,9999
290,-79.957703,177.952896,9999,9999
291,-79.961807,178.043396,9999,9999
292,-79.964493,178.128296,9999,9999
293,-79.9673,178.224304,9999,9999
294,-79.971298,178.314697,9999,9999
295,-79.975403,178.410706,9999,9999
296,-79.978104,178.498398,9999,9999
297,-79.9823,178.601196,9999,9999
298,-79.985001,178.691696,9999,9999
299,-79.989105,178.791702,9999,9999
300,-79.993195,178.882202,9999,9999
301,-79.995895,178.973999,9999,9999
302,-80.001404,179.074097,9999,9999
303,-80.004105,179.166,9999,9999
304,-80.009598,179.266006,9999,9999
305,-80.012299,179.362,9999,9999
306,-80.016403,179.468903,9999,9999
307,-80.019196,179.564804,9999,9999
308,-80.021896,179.660797,9999,9999
309,-80.024597,179.758102,9999,9999
310,-80.027405,179.854004,9999,9999
311,-80.034195,179.949997,9999,9999
312,-80.034195,-179.952698,9999,9999
313,-80.0383,-179.849899,9999,9999
314,-80.041,-179.753906,9999,9999
315,-80.043701,-179.647003,9999,9999
316,-80.046494,-179.545502,9999,9999
317,-80.049194,-179.448196,9999,9999
318,-80.049103,-179.345398,9999,9999
319,-80.053299,-179.255005,9999,9999
320,-80.056,-179.152206,9999,9999
321,-80.056,-179.050797,9999,9999
322,-80.058701,-178.9534,9999,9999
323,-80.061401,-178.856094,9999,9999
324,-80.062805,-178.749207,9999,9999
325,-80.065506,-178.646393,9999,9999
326,-80.065506,-178.554596,9999,9999
327,-80.068207,-178.453201,9999,9999
328,-80.069595,-178.355804,9999,9999
329,-80.070908,-178.258606,9999,9999
330,-80.072296,-178.155807,9999,9999
331,-80.074997,-178.058395,9999,9999
332,-80.074997,-177.955597,9999,9999
333,-80.076401,-177.843307,9999,9999
334,-80.077698,-177.745895,9999,9999
335,-80.080505,-177.644501,9999,9999
336,-80.081802,-177.541702,9999,9999
337,-80.083206,-177.433395,9999,9999
338,-80.083099,-177.336105,9999,9999
339,-80.085907,-177.227798,9999,9999
340,-80.087204,-177.115402,9999,9999
341,-80.088593,-177.012604,9999,9999
342,-80.089996,-176.900208,9999,9999
343,-80.089905,-176.797394,9999,9999
344,-80.092697,-176.694595,9999,9999
345,-80.093994,-176.586304,9999,9999
346,-80.095398,-176.483597,9999,9999
347,-80.093994,-176.380798,9999,9999
348,-80.095398,-176.273895,9999,9999
349,-80.096695,-176.169693,9999,9999
350,-80.096695,-176.068298,9999,9999
351,-80.099396,-175.954498,9999,9999
352,-80.099396,-175.846207,9999,9999
353,-80.1008,-175.743393,9999,9999
354,-80.104904,-175.531006,9999,9999
355,-80.106201,-175.426804,9999,9999
356,-80.106201,-175.324005,9999,9999
357,-80.108994,-175.214401,9999,9999
358,-80.111694,-175.104706,9999,9999
359,-80.114395,-174.986801,9999,9999
360,-80.115799,-174.877106,9999,9999
361,-80.1185,-174.772995,9999,9999
362,-80.119904,-174.664703,9999,9999
363,-80.122604,-174.555099,9999,9999
364,-80.125305,-174.445404,9999,9999
365,-80.126694,-174.341202,9999,9999
366,-80.129395,-174.238403,9999,9999
367,-80.130798,-174.132904,9999,9999
368,-80.133499,-174.008102,9999,9999
369,-80.134903,-173.904007,9999,9999
370,-80.1362,-173.799805,9999,9999
371,-80.137604,-173.690201,9999,9999
372,-80.140396,-173.585999,9999,9999
373,-80.140305,-173.487396,9999,9999
374,-80.141693,-173.381897,9999,9999
375,-80.144394,-173.283203,9999,9999
376,-80.141693,-173.179001,9999,9999
377,-80.144394,-173.069305,9999,9999
378,-80.147202,-172.970703,9999,9999
379,-80.145798,-172.871994,9999,9999
380,-80.147095,-172.767899,9999,9999
381,-80.149902,-172.663696,9999,9999
382,-80.149902,-172.565002,9999,9999
383,-80.149796,-172.464996,9999,9999
384,-80.151199,-172.366302,9999,9999
385,-80.151199,-172.271805,9999,9999
386,-80.151199,-172.162094,9999,9999
387,-80.152496,-172.069,9999,9999
388,-80.1539,-171.963394,9999,9999
389,-80.152496,-171.864807,9999,9999
390,-80.1539,-171.766098,9999,9999
391,-80.155197,-171.666107,9999,9999
392,-80.155197,-171.567398,9999,9999
393,-80.155197,-171.474304,9999,9999
394,-80.156601,-171.368805,9999,9999
395,-80.158005,-171.259094,9999,9999
396,-80.156601,-171.165894,9999,9999
397,-80.157898,-171.065903,9999,9999
398,-80.159302,-170.972702,9999,9999
399,-80.159302,-170.872696,9999,9999
400,-80.157898,-170.768494,9999,9999
401,-80.159302,-170.673996,9999,9999
402,-80.159302,-170.575302,9999,9999
403,-80.159302,-170.475296,9999,9999
404,-80.157898,-170.361496,9999,9999
405,-80.157898,-170.266998,9999,9999
406,-80.157898,-170.175201,9999,9999
407,-80.157898,-170.075104,9999,9999
408,-80.159195,-169.973694,9999,9999
409,-80.157898,-169.8806,9999,9999
410,-80.157806,-169.781998,9999,9999
411,-80.157806,-169.683304,9999,9999
412,-80.156494,-169.583298,9999,9999
413,-80.157806,-169.473602,9999,9999
414,-80.156494,-169.374893,9999,9999
415,-80.157806,-169.276306,9999,9999
416,-80.155106,-169.183105,9999,9999
417,-80.153702,-169.078995,9999,9999
418,-80.153702,-168.983002,9999,9999
419,-80.150894,-168.888504,9999,9999
420,-80.152298,-168.795303,9999,9999
421,-80.149597,-168.685699,9999,9999
422,-80.149597,-168.582901,9999,9999
423,-80.149506,-168.482895,9999,9999
424,-80.149506,-168.389694,9999,9999
425,-80.149506,-168.293793,9999,9999
426,-80.146805,-168.195206,9999,9999
427,-80.149506,-168.096497,9999,9999
428,-80.149506,-168.000595,9999,9999
429,-80.146805,-167.901993,9999,9999
430,-80.146805,-167.810196,9999,9999
431,-80.146805,-167.703201,9999,9999
432,-80.143997,-167.610107,9999,9999
433,-80.143997,-167.511398,9999,9999
434,-80.143997,-167.418304,9999,9999
435,-80.143997,-167.319595,9999,9999
436,-80.141205,-167.230606,9999,9999
437,-80.141205,-167.131897,9999,9999
438,-80.139801,-167.031906,9999,9999
439,-80.138504,-166.934601,9999,9999
440,-80.135696,-166.824905,9999,9999
441,-80.135696,-166.731796,9999,9999
442,-80.134399,-166.633102,9999,9999
443,-80.134399,-166.538605,9999,9999
444,-80.130203,-166.446793,9999,9999
445,-80.130203,-166.353699,9999,9999
446,-80.130203,-166.253601,9999,9999
447,-80.128799,-166.154907,9999,9999
448,-80.126099,-166.059006,9999,9999
449,-80.124695,-165.959,9999,9999
450,-80.123398,-165.861694,9999,9999
451,-80.121994,-165.7686,9999,9999
452,-80.120605,-165.669907,9999,9999
453,-80.119202,-165.572601,9999,9999
454,-80.117905,-165.479507,9999,9999
455,-80.115097,-165.382202,9999,9999
456,-80.113693,-165.283493,9999,9999
457,-80.110992,-165.191696,9999,9999
458,-80.1082,-165.083496,9999,9999
459,-80.105499,-164.995804,9999,9999
460,-80.105499,-164.897202,9999,9999
461,-80.105499,-164.804001,9999,9999
462,-80.104095,-164.706696,9999,9999
463,-80.101395,-164.609406,9999,9999
464,-80.100006,-164.514893,9999,9999
465,-80.098602,-164.414795,9999,9999
466,-80.095901,-164.318893,9999,9999
467,-80.095901,-164.214706,9999,9999
468,-80.091705,-164.117493,9999,9999
469,-80.093094,-164.013306,9999,9999
470,-80.089005,-163.916107,9999,9999
471,-80.089005,-163.817398,9999,9999
472,-80.0849,-163.729706,9999,9999
473,-80.0849,-163.631104,9999,9999
474,-80.082108,-163.533798,9999,9999
475,-80.080795,-163.440598,9999,9999
476,-80.076706,-163.341904,9999,9999
477,-80.076706,-163.236496,9999,9999
478,-80.073898,-163.141907,9999,9999
479,-80.071198,-163.043198,9999,9999
480,-80.071198,-162.951401,9999,9999
481,-80.067093,-162.855499,9999,9999
482,-80.065704,-162.759598,9999,9999
483,-80.062897,-162.6651,9999,9999
484,-80.060196,-162.567795,9999,9999
485,-80.058807,-162.4664,9999,9999
486,-80.054703,-162.367706,9999,9999
487,-80.054703,-162.277298,9999,9999
488,-80.052002,-162.184097,9999,9999
489,-80.050598,-162.085403,9999,9999
490,-80.047897,-161.988205,9999,9999
491,-80.045105,-161.8909,9999,9999
492,-80.042297,-161.793594,9999,9999
493,-80.041,-161.697693,9999,9999
494,-80.036896,-161.594894,9999,9999
495,-80.034103,-161.500397,9999,9999
496,-80.032806,-161.397598,9999,9999
497,-80.028595,-161.308502,9999,9999
498,-80.027298,-161.212601,9999,9999
499,-80.025894,-161.116699,9999,9999
500,-80.024597,-161.019394,9999,9999
501,-80.018997,-160.927597,9999,9999
502,-80.016296,-160.831696,9999,9999
503,-80.014893,-160.722,9999,9999
504,-80.010803,-160.627502,9999,9999
505,-80.009399,-160.528793,9999,9999
506,-80.005295,-160.434296,9999,9999
507,-80.002594,-160.341095,9999,9999
508,-79.999802,-160.243805,9999,9999
509,-79.998505,-160.1465,9999,9999
510,-79.9944,-160.050598,9999,9999
511,-79.992996,-159.958801,9999,9999
512,-79.988907,-159.857407,9999,9999
513,-79.986099,-159.761505,9999,9999
514,-79.980698,-159.572403,9999,9999
515,-79.979294,-159.472397,9999,9999
516,-79.976501,-159.384705,9999,9999
517,-79.975204,-159.285995,9999,9999
518,-79.9711,-159.190094,9999,9999
519,-79.966904,-159.094101,9999,9999
520,-79.965607,-158.996902,9999,9999
521,-79.961502,-158.895401,9999,9999
522,-79.960098,-158.800903,9999,9999
523,-79.955994,-158.703598,9999,9999
524,-79.953293,-158.611801,9999,9999
525,-79.9505,-158.518707,9999,9999
526,-79.9478,-158.418594,9999,9999
527,-79.943695,-158.328201,9999,9999
528,-79.940903,-158.237701,9999,9999
529,-79.938202,-158.136398,9999,9999
530,-79.934097,-158.041702,9999,9999
531,-79.929993,-157.945801,9999,9999
532,-79.9272,-157.8582,9999,9999
533,-79.923096,-157.762207,9999,9999
534,-79.919006,-157.664902,9999,9999
535,-79.913498,-157.573105,9999,9999
536,-79.909393,-157.488205,9999,9999
537,-79.905304,-157.395004,9999,9999
538,-79.901199,-157.294998,9999,9999
539,-79.897095,-157.199097,9999,9999
540,-79.893005,-157.104507,9999,9999
541,-79.888901,-157.011307,9999,9999
542,-79.887497,-156.920898,9999,9999
543,-79.882004,-156.822205,9999,9999
544,-79.877899,-156.731796,9999,9999
545,-79.875198,-156.630295,9999,9999
546,-79.871002,-156.537201,9999,9999
547,-79.865601,-156.444,9999,9999
548,-79.862793,-156.346603,9999,9999
549,-79.8573,-156.257599,9999,9999
550,-79.853195,-156.167206,9999,9999
551,-79.850494,-156.079407,9999,9999
552,-79.845001,-155.990402,9999,9999
553,-79.8423,-155.895905,9999,9999
554,-79.835403,-155.805405,9999,9999
555,-79.832703,-155.717697,9999,9999
556,-79.828598,-155.612198,9999,9999
557,-79.824493,-155.520294,9999,9999
558,-79.820297,-155.429901,9999,9999
559,-79.819,-155.335297,9999,9999
560,-79.812103,-155.246307,9999,9999
561,-79.809402,-155.1586,9999,9999
562,-79.805298,-155.062698,9999,9999
563,-79.798401,-154.979095,9999,9999
564,-79.794296,-154.883102,9999,9999
565,-79.784698,-154.702194,9999,9999
566,-79.779297,-154.6091,9999,9999
567,-79.773804,-154.521301,9999,9999
568,-79.769699,-154.434998,9999,9999
569,-79.764206,-154.343201,9999,9999
570,-79.758698,-154.25,9999,9999
571,-79.751801,-154.170502,9999,9999
572,-79.7491,-154.077301,9999,9999
573,-79.742294,-153.975906,9999,9999
574,-79.738205,-153.893707,9999,9999
575,-79.732697,-153.800507,9999,9999
576,-79.728607,-153.707306,9999,9999
577,-79.724503,-153.623703,9999,9999
578,-79.717606,-153.534698,9999,9999
579,-79.712097,-153.445602,9999,9999
580,-79.706696,-153.359299,9999,9999
581,-79.702606,-153.267395,9999,9999
582,-79.697098,-153.171494,9999,9999
583,-79.690201,-153.078293,9999,9999
584,-79.684692,-152.989197,9999,9999
585,-79.679306,-152.901505,9999,9999
586,-79.675201,-152.809692,9999,9999
587,-79.669693,-152.727097,9999,9999
588,-79.6642,-152.632904,9999,9999
589,-79.657303,-152.542404,9999,9999
590,-79.651901,-152.453293,9999,9999
591,-79.646393,-152.357407,9999,9999
592,-79.639496,-152.268295,9999,9999
593,-79.635406,-152.177795,9999,9999
594,-79.631302,-152.085999,9999,9999
595,-79.623093,-152.002396,9999,9999
596,-79.619003,-151.906494,9999,9999
597,-79.612106,-151.822906,9999,9999
598,-79.606705,-151.733795,9999,9999
599,-79.601196,-151.635101,9999,9999
600,-79.594299,-151.541901,9999,9999
601,-79.588806,-151.454102,9999,9999
602,-79.584702,-151.363693,9999,9999
603,-79.576508,-151.269104,9999,9999
604,-79.572403,-151.181396,9999,9999
605,-79.565598,-151.093704,9999,9999
606,-79.557297,-151.001907,9999,9999
607,-79.553207,-150.910004,9999,9999
608,-79.546402,-150.815506,9999,9999
609,-79.540894,-150.723602,9999,9999
610,-79.5327,-150.623505,9999,9999
611,-79.528595,-150.535797,9999,9999
612,-79.521698,-150.453506,9999,9999
613,-79.514893,-150.357605,9999,9999
614,-79.507996,-150.267105,9999,9999
615,-79.502502,-150.184906,9999,9999
616,-79.495697,-150.087601,9999,9999
617,-79.491592,-150.003998,9999,9999
618,-79.484802,-149.912094,9999,9999
619,-79.477905,-149.820297,9999,9999
620,-79.472397,-149.733994,9999,9999
621,-79.465607,-149.644806,9999,9999
622,-79.460098,-149.562607,9999,9999
623,-79.453201,-149.473495,9999,9999
624,-79.449203,-149.380295,9999,9999
625,-79.444702,-149.2892,9999,9999
626,-79.442307,-149.197998,9999,9999
627,-79.436905,-149.0979,9999,9999
628,-79.434097,-149.008896,9999,9999
629,-79.429993,-148.9198,9999,9999
630,-79.425903,-148.830597,9999,9999
631,-79.421799,-148.740204,9999,9999
632,-79.416306,-148.656601,9999,9999
633,-79.4095,-148.571594,9999,9999
634,-79.402603,-148.488007,9999,9999
635,-79.398605,-148.401596,9999,9999
636,-79.391693,-148.309799,9999,9999
637,-79.3862,-148.223404,9999,9999
638,-79.380707,-148.141205,9999,9999
639,-79.373901,-148.056198,9999,9999
640,-79.367096,-147.973907,9999,9999
641,-79.360199,-147.890305,9999,9999
642,-79.354706,-147.804001,9999,9999
643,-79.3479,-147.725906,9999,9999
644,-79.339706,-147.647797,9999,9999
645,-79.325897,-147.581894,9999,9999
646,-79.310806,-147.572403,9999,9999
647,-79.295807,-147.604095,9999,9999
648,-79.286102,-147.678497,9999,9999
649,-79.283401,-147.767899,9999,9999
650,-79.288895,-147.860001,9999,9999
651,-79.302597,-147.930298,9999,9999
652,-79.320496,-147.962097,9999,9999
653,-79.339706,-147.929398,9999,9999
654,-79.358994,-147.876099,9999,9999
655,-79.375397,-147.824203,9999,9999
656,-79.393295,-147.774994,9999,9999
657,-79.409805,-147.723007,9999,9999
658,-79.4263,-147.668304,9999,9999
659,-79.444199,-147.616302,9999,9999
660,-79.460693,-147.561707,9999,9999
661,-79.4785,-147.513794,9999,9999
662,-79.493698,-147.456406,9999,9999
663,-79.514297,-147.404495,9999,9999
664,-79.530807,-147.353897,9999,9999
665,-79.545898,-147.302002,9999,9999
666,-79.565094,-147.248703,9999,9999
667,-79.582993,-147.2146,9999,9999
668,-79.599503,-147.170898,9999,9999
669,-79.617401,-147.128601,9999,9999
670,-79.636597,-147.086304,9999,9999
671,-79.651703,-147.041199,9999,9999
672,-79.673706,-146.990707,9999,9999
673,-79.691605,-146.945602,9999,9999
674,-79.708099,-146.904602,9999,9999
675,-79.725998,-146.860901,9999,9999
676,-79.742401,-146.818604,9999,9999
677,-79.7603,-146.774902,9999,9999
678,-79.778198,-146.7258,9999,9999
679,-79.796005,-146.684799,9999,9999
680,-79.809799,-146.617706,9999,9999
681,-79.816696,-146.5177,9999,9999
682,-79.809799,-146.417603,9999,9999
683,-79.796097,-146.358704,9999,9999
684,-79.781006,-146.351898,9999,9999
685,-79.7659,-146.416595,9999,9999
686,-79.760406,-146.489502,9999,9999
687,-79.764496,-146.587204,9999,9999
688,-79.772797,-146.683594,9999,9999
689,-79.781006,-146.772995,9999,9999
690,-79.786499,-146.878906,9999,9999
691,-79.792007,-146.979401,9999,9999
692,-79.798904,-147.072998,9999,9999
693,-79.804306,-147.184402,9999,9999
694,-79.809799,-147.278,9999,9999
695,-79.816696,-147.374405,9999,9999
696,-79.823502,-147.476196,9999,9999
697,-79.829102,-147.576706,9999,9999
698,-79.833206,-147.677094,9999,9999
699,-79.838593,-147.781693,9999,9999
700,-79.844101,-147.879395,9999,9999
701,-79.848297,-147.982605,9999,9999
702,-79.853699,-148.084396,9999,9999
703,-79.859207,-148.182098,9999,9999
704,-79.863297,-148.282593,9999,9999
705,-79.867401,-148.384399,9999,9999
706,-79.872894,-148.486206,9999,9999
707,-79.877106,-148.590805,9999,9999
708,-79.883896,-148.695404,9999,9999
709,-79.888,-148.794403,9999,9999
710,-79.893494,-148.900299,9999,9999
711,-79.900406,-148.996704,9999,9999
712,-79.905899,-149.098602,9999,9999
713,-79.912704,-149.194901,9999,9999
714,-79.920898,-149.291199,9999,9999
715,-79.926407,-149.394394,9999,9999
716,-79.934601,-149.496307,9999,9999
717,-79.940094,-149.599503,9999,9999
718,-79.949707,-149.698593,9999,9999
719,-79.9552,-149.8004,9999,9999
720,-79.962097,-149.902298,9999,9999
721,-79.968903,-150.006805,9999,9999
722,-79.977203,-150.101807,9999,9999
723,-79.982697,-150.209198,9999,9999
724,-79.989502,-150.301407,9999,9999
725,-79.996399,-150.400497,9999,9999
726,-80.004593,-150.517395,9999,9999
727,-80.010101,-150.627502,9999,9999
728,-80.016907,-150.725204,9999,9999
729,-80.0224,-150.8284,9999,9999
730,-80.027893,-150.931595,9999,9999
731,-80.034805,-151.032104,9999,9999
732,-80.041595,-151.132599,9999,9999
733,-80.049896,-151.238495,9999,9999
734,-80.055298,-151.345795,9999,9999
735,-80.060806,-151.458694,9999,9999
736,-80.069107,-151.5578,9999,9999
737,-80.073196,-151.667801,9999,9999
738,-80.081406,-151.769699,9999,9999
739,-80.086899,-151.871506,9999,9999
740,-80.091003,-151.976105,9999,9999
741,-80.097794,-152.080704,9999,9999
742,-80.104706,-152.185303,9999,9999
743,-80.110199,-152.292603,9999,9999
744,-80.117004,-152.395905,9999,9999
745,-80.122498,-152.510101,9999,9999
746,-80.128006,-152.615997,9999,9999
747,-80.1362,-152.709595,9999,9999
748,-80.137604,-152.810104,9999,9999
749,-80.145798,-152.916,9999,9999
750,-80.151306,-153.022003,9999,9999
751,-80.155396,-153.121094,9999,9999
752,-80.160904,-153.220093,9999,9999
753,-80.167694,-153.341202,9999,9999
754,-80.171799,-153.437607,9999,9999
755,-80.177307,-153.546295,9999,9999
756,-80.181396,-153.649506,9999,9999
757,-80.185501,-153.748505,9999,9999
758,-80.190994,-153.847702,9999,9999
759,-80.196503,-153.956299,9999,9999
760,-80.201996,-154.059601,9999,9999
761,-80.2061,-154.158707,9999,9999
762,-80.211594,-154.278305,9999,9999
763,-80.216995,-154.378799,9999,9999
764,-80.222504,-154.475098,9999,9999
765,-80.227997,-154.582504,9999,9999
766,-80.234802,-154.684296,9999,9999
767,-80.238907,-154.787506,9999,9999
768,-80.2444,-154.889404,9999,9999
769,-80.249893,-154.993896,9999,9999
770,-80.253998,-155.108093,9999,9999
771,-80.260895,-155.208603,9999,9999
772,-80.264999,-155.320099,9999,9999
773,-80.269104,-155.425995,9999,9999
774,-80.274597,-155.526505,9999,9999
775,-80.279999,-155.637894,9999,9999
776,-80.284103,-155.739807,9999,9999
777,-80.289597,-155.847107,9999,9999
778,-80.293701,-155.950302,9999,9999
779,-80.299194,-156.054901,9999,9999
780,-80.304703,-156.170502,9999,9999
781,-80.307404,-156.273697,9999,9999
782,-80.314301,-156.380997,9999,9999
783,-80.318298,-156.482803,9999,9999
784,-80.322403,-156.592896,9999,9999
785,-80.3293,-156.693405,9999,9999
786,-80.332001,-156.798004,9999,9999
787,-80.337494,-156.912201,9999,9999
788,-80.341599,-157.020905,9999,9999
789,-80.347107,-157.137802,9999,9999
790,-80.349792,-157.247894,9999,9999
791,-80.355301,-157.356598,9999,9999
792,-80.360794,-157.469406,9999,9999
793,-80.364899,-157.585007,9999,9999
794,-80.369003,-157.690903,9999,9999
795,-80.373001,-157.809204,9999,9999
796,-80.377197,-157.917892,9999,9999
797,-80.381195,-158.034897,9999,9999
798,-80.386703,-158.154602,9999,9999
799,-80.390793,-158.270096,9999,9999
800,-80.3936,-158.3871,9999,9999
801,-80.397598,-158.491699,9999,9999
802,-80.403107,-158.608597,9999,9999
803,-80.405899,-158.724106,9999,9999
804,-80.410004,-158.835602,9999,9999
805,-80.414001,-158.951096,9999,9999
806,-80.415405,-159.061203,9999,9999
807,-80.420898,-159.194595,9999,9999
808,-80.423599,-159.301895,9999,9999
809,-80.429092,-159.417496,9999,9999
810,-80.429001,-159.541306,9999,9999
811,-80.434494,-159.648605,9999,9999
812,-80.435898,-159.7724,9999,9999
813,-80.440002,-159.889404,9999,9999
814,-80.442703,-160.006302,9999,9999
815,-80.445404,-160.121796,9999,9999
816,-80.448105,-160.252502,9999,9999
817,-80.452194,-160.370804,9999,9999
818,-80.455002,-160.485001,9999,9999
819,-80.457703,-160.607407,9999,9999
820,-80.460403,-160.738007,9999,9999
821,-80.463104,-160.8508,9999,9999
822,-80.464493,-160.969101,9999,9999
823,-80.468597,-161.088806,9999,9999
824,-80.471298,-161.2043,9999,9999
825,-80.475403,-161.337708,9999,9999
826,-80.478104,-161.457397,9999,9999
827,-80.482193,-161.579895,9999,9999
828,-80.484894,-161.695404,9999,9999
829,-80.486298,-161.816498,9999,9999
830,-80.490402,-161.936096,9999,9999
831,-80.493103,-162.057205,9999,9999
832,-80.4944,-162.169998,9999,9999
833,-80.498505,-162.299194,9999,9999
834,-80.499893,-162.424393,9999,9999
835,-80.503998,-162.546799,9999,9999
836,-80.506699,-162.671997,9999,9999
837,-80.507996,-162.790298,9999,9999
838,-80.510803,-162.909897,9999,9999
839,-80.5121,-163.035004,9999,9999
840,-80.516205,-163.1492,9999,9999
841,-80.518906,-163.278503,9999,9999
842,-80.518906,-163.398102,9999,9999
843,-80.522995,-163.527496,9999,9999
844,-80.524307,-163.648499,9999,9999
845,-80.525696,-163.7668,9999,9999
846,-80.526993,-163.889206,9999,9999
847,-80.529694,-164.010193,9999,9999
848,-80.532501,-164.140793,9999,9999
849,-80.533798,-164.253601,9999,9999
850,-80.536499,-164.369202,9999,9999
851,-80.537903,-164.494293,9999,9999
852,-80.540604,-164.612595,9999,9999
853,-80.543304,-164.740494,9999,9999
854,-80.544601,-164.857407,9999,9999
855,-80.548706,-164.983902,9999,9999
856,-80.551498,-165.099503,9999,9999
857,-80.554199,-165.230103,9999,9999
858,-80.557693,-165.347,9999,9999
859,-80.561005,-165.464005,9999,9999
860,-80.562302,-165.583603,9999,9999
861,-80.565002,-165.707397,9999,9999
862,-80.566406,-165.8284,9999,9999
863,-80.569107,-165.952194,9999,9999
864,-80.570404,-166.073196,9999,9999
865,-80.573196,-166.186005,9999,9999
866,-80.574493,-166.322098,9999,9999
867,-80.574493,-166.447205,9999,9999
868,-80.575806,-166.568298,9999,9999
869,-80.578506,-166.6866,9999,9999
870,-80.579895,-166.811707,9999,9999
871,-80.582596,-166.931396,9999,9999
872,-80.582596,-167.050995,9999,9999
873,-80.582504,-167.171997,9999,9999
874,-80.583893,-167.298492,9999,9999
875,-80.586594,-167.427795,9999,9999
876,-80.587906,-167.548798,9999,9999
877,-80.589294,-167.672607,9999,9999
878,-80.590607,-167.794998,9999,9999
879,-80.591904,-167.914597,9999,9999
880,-80.593307,-168.039703,9999,9999
881,-80.593307,-168.164795,9999,9999
882,-80.594604,-168.289993,9999,9999
883,-80.594604,-168.405502,9999,9999
884,-80.595901,-168.541595,9999,9999
885,-80.595901,-168.668106,9999,9999
886,-80.597198,-168.793198,9999,9999
887,-80.597198,-168.9142,9999,9999
888,-80.597198,-169.040695,9999,9999
889,-80.599899,-169.161804,9999,9999
890,-80.599792,-169.286896,9999,9999
891,-80.599792,-169.407806,9999,9999
892,-80.599792,-169.530197,9999,9999
893,-80.597,-169.656693,9999,9999
894,-80.597,-169.785904,9999,9999
895,-80.595505,-169.910995,9999,9999
896,-80.595505,-170.027893,9999,9999
897,-80.594101,-170.150208,9999,9999
898,-80.591293,-170.276703,9999,9999
899,-80.591293,-170.3936,9999,9999
900,-80.589905,-170.514496,9999,9999
901,-80.589798,-170.642395,9999,9999
902,-80.588394,-170.763397,9999,9999
903,-80.585602,-170.881607,9999,9999
904,-80.582901,-171.001205,9999,9999
905,-80.581497,-171.123596,9999,9999
906,-80.578705,-171.240402,9999,9999
907,-80.577301,-171.3573,9999,9999
908,-80.577194,-171.4673,9999,9999
909,-80.575806,-171.5896,9999,9999
910,-80.577194,-171.701004,9999,9999
911,-80.578506,-171.8302,9999,9999
912,-80.581207,-171.942993,9999,9999
913,-80.581207,-172.055801,9999,9999
914,-80.5811,-172.169907,9999,9999
915,-80.585205,-172.288101,9999,9999
916,-80.585205,-172.402298,9999,9999
917,-80.586502,-172.514999,9999,9999
918,-80.587906,-172.627808,9999,9999
919,-80.589203,-172.747498,9999,9999
920,-80.5905,-172.871201,9999,9999
921,-80.591904,-172.990799,9999,9999
922,-80.593201,-173.103607,9999,9999
923,-80.595901,-173.220398,9999,9999
924,-80.595901,-173.334503,9999,9999
925,-80.595901,-173.4487,9999,9999
926,-80.598602,-173.557404,9999,9999
927,-80.595795,-173.676895,9999,9999
928,-80.594406,-173.797897,9999,9999
929,-80.591599,-173.9133,9999,9999
930,-80.590195,-174.034302,9999,9999
931,-80.587402,-174.149796,9999,9999
932,-80.584595,-174.270706,9999,9999
933,-80.583206,-174.384796,9999,9999
934,-80.580399,-174.494797,9999,9999
935,-80.577698,-174.615707,9999,9999
936,-80.577606,-174.729797,9999,9999
937,-80.576202,-174.839798,9999,9999
938,-80.572006,-174.966202,9999,9999
939,-80.570602,-175.085907,9999,9999
940,-80.567795,-175.199997,9999,9999
941,-80.566406,-175.315399,9999,9999
942,-80.563599,-175.434906,9999,9999
943,-80.562195,-175.548996,9999,9999
944,-80.559494,-175.658997,9999,9999
945,-80.553894,-175.784103,9999,9999
946,-80.553894,-175.898102,9999,9999
947,-80.551102,-176.024597,9999,9999
948,-80.545593,-176.138596,9999,9999
949,-80.544205,-176.258194,9999,9999
950,-80.542694,-176.376404,9999,9999
951,-80.538605,-176.490494,9999,9999
952,-80.535797,-176.604507,9999,9999
953,-80.535797,-176.722794,9999,9999
954,-80.533005,-176.836899,9999,9999
955,-80.530197,-176.955002,9999,9999
956,-80.527405,-177.085602,9999,9999
957,-80.526001,-177.198303,9999,9999
958,-80.523193,-177.323303,9999,9999
959,-80.521805,-177.4319,9999,9999
960,-80.520401,-177.554199,9999,9999
961,-80.516205,-177.668304,9999,9999
962,-80.516205,-177.786499,9999,9999
963,-80.514801,-177.904694,9999,9999
964,-80.513306,-178.0298,9999,9999
965,-80.510605,-178.147903,9999,9999
966,-80.509201,-178.264801,9999,9999
967,-80.506393,-178.382996,9999,9999
968,-80.500793,-178.495605,9999,9999
969,-80.499405,-178.6138,9999,9999
970,-80.498001,-178.731995,9999,9999
971,-80.493805,-178.850204,9999,9999
972,-80.492401,-178.966995,9999,9999
973,-80.489594,-179.079697,9999,9999
974,-80.485504,-179.208801,9999,9999
975,-80.482697,-179.325607,9999,9999
976,-80.479904,-179.438293,9999,9999
977,-80.4785,-179.560699,9999,9999
978,-80.474304,-179.667801,9999,9999
979,-80.471497,-179.7901,9999,9999
980,-80.468704,-179.908295,9999,9999
981,-80.4646,179.985901,9999,9999
982,-80.461807,179.862305,9999,9999
983,-80.459,179.734497,9999,9999
984,-80.457596,179.623093,9999,9999
985,-80.4534,179.505005,9999,9999
986,-80.449295,179.393707,9999,9999
987,-80.443695,179.282394,9999,9999
988,-80.439606,179.161499,9999,9999
989,-80.439499,179.048798,9999,9999
990,-80.434006,178.933395,9999,9999
991,-80.428497,178.822098,9999,9999
992,-80.422897,178.706696,9999,9999
993,-80.418701,178.589996,9999,9999
994,-80.417297,178.467697,9999,9999
995,-80.414505,178.3508,9999,9999
996,-80.411804,178.240997,9999,9999
997,-80.408997,178.125504,9999,9999
998,-80.4048,178.008698,9999,9999
999,-80.403397,177.893295,9999,9999
1000,-80.3992,177.783401,9999,9999
1001,-80.393707,177.662506,9999,9999
1002,-80.3909,177.540207,9999,9999
1003,-80.388107,177.431702,9999,9999
1004,-80.384003,177.321793,9999,9999
1005,-80.378403,177.206406,9999,9999
1006,-80.375595,177.096497,9999,9999
1007,-80.371506,176.981094,9999,9999
1008,-80.364594,176.872604,9999,9999
1009,-80.361801,176.751694,9999,9999
1010,-80.356201,176.637695,9999,9999
1011,-80.352097,176.522293,9999,9999
1012,-80.3479,176.413696,9999,9999
1013,-80.342407,176.299698,9999,9999
1014,-80.336807,176.185699,9999,9999
1015,-80.334106,176.082703,9999,9999
1016,-80.331299,175.968597,9999,9999
1017,-80.324402,175.854599,9999,9999
1018,-80.318802,175.731003,9999,9999
1019,-80.313293,175.626602,9999,9999
1020,-80.3078,175.514008,9999,9999
1021,-80.3022,175.406906,9999,9999
1022,-80.299393,175.292801,9999,9999
1023,-80.292496,175.180206,9999,9999
1024,-80.2883,175.077194,9999,9999
1025,-80.282806,174.959106,9999,9999
1026,-80.277298,174.851898,9999,9999
1027,-80.271698,174.733795,9999,9999
1028,-80.267593,174.615707,9999,9999
1029,-80.261993,174.508606,9999,9999
1030,-80.255096,174.397293,9999,9999
1031,-80.2509,174.290207,9999,9999
1032,-80.245407,174.183105,9999,9999
1033,-80.239899,174.071793,9999,9999
1034,-80.234299,173.959198,9999,9999
1035,-80.228806,173.853394,9999,9999
1036,-80.223297,173.725693,9999,9999
1037,-80.216293,173.619904,9999,9999
1038,-80.214905,173.508698,9999,9999
1039,-80.206604,173.396103,9999,9999
1040,-80.203903,173.290298,9999,9999
1041,-80.198303,173.179092,9999,9999
1042,-80.192795,173.073303,9999,9999
1043,-80.187195,172.956604,9999,9999
1044,-80.183105,172.845306,9999,9999
1045,-80.176193,172.729904,9999,9999
1046,-80.170593,172.618805,9999,9999
1047,-80.1651,172.508896,9999,9999
1048,-80.158203,172.403107,9999,9999
1049,-80.154007,172.298798,9999,9999
1050,-80.149796,172.182007,9999,9999
1051,-80.144302,172.066605,9999,9999
1052,-80.138794,171.967804,9999,9999
1053,-80.131897,171.852402,9999,9999
1054,-80.127701,171.741196,9999,9999
1055,-80.120804,171.628601,9999,9999
1056,-80.113907,171.518707,9999,9999
1057,-80.109695,171.408905,9999,9999
1058,-80.102798,171.3004,9999,9999
1059,-80.097198,171.191895,9999,9999
1060,-80.091705,171.082001,9999,9999
1061,-80.084793,170.977707,9999,9999
1062,-80.073807,170.884293,9999,9999
1063,-80.058701,170.837601,9999,9999
1064,-80.039398,170.876099,9999,9999
1065,-80.028397,170.972,9999,9999
1066,-80.031204,171.067902,9999,9999
1067,-80.036697,171.166397,9999,9999
1068,-80.042206,171.270401,9999,9999
1069,-80.044998,171.364899,9999,9999
1070,-80.049103,171.467499,9999,9999
1071,-80.054596,171.561996,9999,9999
1072,-80.058807,171.666,9999,9999
1073,-80.061493,171.761795,9999,9999
1074,-80.065598,171.8508,9999,9999
1075,-80.068405,171.946594,9999,9999
1076,-80.073898,172.045105,9999,9999
1077,-80.076706,172.141006,9999,9999
1078,-80.080795,172.236801,9999,9999
1079,-80.083603,172.327103,9999,9999
1080,-80.087708,172.431107,9999,9999
1081,-80.0905,172.532501,9999,9999
1082,-80.095993,172.622696,9999,9999
1083,-80.100098,172.717194,9999,9999
1084,-80.102905,172.8116,9999,9999
1085,-80.105698,172.903397,9999,9999
1086,-80.106995,172.993698,9999,9999
1087,-80.111206,173.084,9999,9999
1088,-80.113907,173.164703,9999,9999
1089,-80.118103,173.256393,9999,9999
1090,-80.120804,173.361801,9999,9999
1091,-80.122192,173.452194,9999,9999
1092,-80.126404,173.538406,9999,9999
1093,-80.130493,173.630096,9999,9999
1094,-80.136002,173.718994,9999,9999
1095,-80.141495,173.824402,9999,9999
1096,-80.147003,173.938004,9999,9999
1097,-80.1539,174.054306,9999,9999
1098,-80.162201,174.169296,9999,9999
1099,-80.166306,174.289795,9999,9999
1100,-80.170502,174.406204,9999,9999
1101,-80.175995,174.521194,9999,9999
1102,-80.182907,174.633408,9999,9999
1103,-80.189804,174.749802,9999,9999
1104,-80.193893,174.866104,9999,9999
1105,-80.198105,174.978394,9999,9999
1106,-80.200897,175.089294,9999,9999
1107,-80.206406,175.201599,9999,9999
1108,-80.210495,175.323395,9999,9999
1109,-80.214706,175.435699,9999,9999
1110,-80.218796,175.553406,9999,9999
1111,-80.223007,175.665695,9999,9999
1112,-80.227097,175.772507,9999,9999
1113,-80.231293,175.886093,9999,9999
1114,-80.235397,175.992798,9999,9999
1115,-80.238205,176.106506,9999,9999
1116,-80.243698,176.218704,9999,9999
1117,-80.247803,176.347504,9999,9999
1118,-80.250595,176.461105,9999,9999
1119,-80.254807,176.567902,9999,9999
1120,-80.258896,176.676102,9999,9999
1121,-80.261703,176.789703,9999,9999
1122,-80.265793,176.908798,9999,9999
1123,-80.270004,177.016998,9999,9999
1124,-80.274094,177.1306,9999,9999
1125,-80.276901,177.238693,9999,9999
1126,-80.282394,177.362,9999,9999
1127,-80.286606,177.481094,9999,9999
1128,-80.292099,177.594696,9999,9999
1129,-80.298996,177.713806,9999,9999
1130,-80.305893,177.827393,9999,9999
1131,-80.308701,177.940994,9999,9999
1132,-80.312805,178.050507,9999,9999
1133,-80.318298,178.169601,9999,9999
1134,-80.319702,178.288803,9999,9999
1135,-80.323898,178.424393,9999,9999
1136,-80.328094,178.544907,9999,9999
1137,-80.330795,178.654404,9999,9999
1138,-80.335007,178.769394,9999,9999
1139,-80.339203,178.884399,9999,9999
1140,-80.341904,179.009003,9999,9999
1141,-80.344696,179.123993,9999,9999
1142,-80.350296,179.25,9999,9999
1143,-80.350296,179.370605,9999,9999
1144,-80.355804,179.496506,9999,9999
1145,-80.357193,179.606094,9999,9999
1146,-80.361298,179.722397,9999,9999
1147,-80.362701,179.832001,9999,9999
1148,-80.366898,179.937393,9999,9999
1149,-80.368301,-179.940704,9999,9999
1150,-80.371094,-179.835297,9999,9999
1151,-80.375198,-179.731293,9999,9999
1152,-80.376602,-179.625793,9999,9999
1153,-80.380798,-179.509506,9999,9999
1154,-80.384903,-179.398605,9999,9999
1155,-80.386307,-179.293198,9999,9999
1156,-80.389099,-179.187698,9999,9999
1157,-80.390503,-179.082306,9999,9999
1158,-80.393295,-178.971298,9999,9999
1159,-80.398804,-178.864594,9999,9999
1160,-80.401596,-178.753693,9999,9999
1161,-80.403,-178.642807,9999,9999
1162,-80.403107,-178.522202,9999,9999
1163,-80.403107,-178.411301,9999,9999
1164,-80.403107,-178.305801,9999,9999
1165,-80.401794,-178.194901,9999,9999
1166,-80.401794,-178.083893,9999,9999
1167,-80.401901,-177.967499,9999,9999
1168,-80.403305,-177.862106,9999,9999
1169,-80.404694,-177.751099,9999,9999
1170,-80.406097,-177.640198,9999,9999
1171,-80.406097,-177.512802,9999,9999
1172,-80.406204,-177.401794,9999,9999
1173,-80.403397,-177.286697,9999,9999
1174,-80.4021,-177.175797,9999,9999
1175,-80.4021,-177.064804,9999,9999
1176,-80.403503,-176.948395,9999,9999
1177,-80.403595,-176.837494,9999,9999
1178,-80.403595,-176.726501,9999,9999
1179,-80.404999,-176.614197,9999,9999
1180,-80.406403,-176.492294,9999,9999
1181,-80.406494,-176.3759,9999,9999
1182,-80.406494,-176.270401,9999,9999
1183,-80.406601,-176.1539,9999,9999
1184,-80.406601,-176.042999,9999,9999
1185,-80.406601,-175.926605,9999,9999
1186,-80.406693,-175.821106,9999,9999
1187,-80.406693,-175.710098,9999,9999
1188,-80.405396,-175.593704,9999,9999
1189,-80.406799,-175.466293,9999,9999
1190,-80.406799,-175.360901,9999,9999
1191,-80.406906,-175.242996,9999,9999
1192,-80.406906,-175.133499,9999,9999
1193,-80.405594,-175.016998,9999,9999
1194,-80.405594,-174.895004,9999,9999
1195,-80.408401,-174.782806,9999,9999
1196,-80.408493,-174.664902,9999,9999
1197,-80.409897,-174.554001,9999,9999
1198,-80.409897,-174.430695,9999,9999
1199,-80.410004,-174.318405,9999,9999
1200,-80.412704,-174.2061,9999,9999
1201,-80.415497,-174.093796,9999,9999
1202,-80.415604,-173.986893,9999,9999
1203,-80.415604,-173.874603,9999,9999
1204,-80.418396,-173.756897,9999,9999
1205,-80.418396,-173.639008,9999,9999
1206,-80.418503,-173.533493,9999,9999
1207,-80.421295,-173.408905,9999,9999
1208,-80.424103,-173.2966,9999,9999
1209,-80.421402,-173.184296,9999,9999
1210,-80.424103,-173.072006,9999,9999
1211,-80.424194,-172.954102,9999,9999
1212,-80.424194,-172.841797,9999,9999
1213,-80.427002,-172.735001,9999,9999
1214,-80.427094,-172.617203,9999,9999
1215,-80.425705,-172.503494,9999,9999
1216,-80.4272,-172.3815,9999,9999
1217,-80.429901,-172.267899,9999,9999
1218,-80.429993,-172.160995,9999,9999
1219,-80.429993,-172.050095,9999,9999
1220,-80.430099,-171.930801,9999,9999
1221,-80.431503,-171.8172,9999,9999
1222,-80.430206,-171.710297,9999,9999
1223,-80.430206,-171.592407,9999,9999
1224,-80.431595,-171.480103,9999,9999
1225,-80.431702,-171.355392,9999,9999
1226,-80.431702,-171.243103,9999,9999
1227,-80.431793,-171.130798,9999,9999
1228,-80.431793,-171.029404,9999,9999
1229,-80.433197,-170.911606,9999,9999
1230,-80.430496,-170.799194,9999,9999
1231,-80.430603,-170.684097,9999,9999
1232,-80.426498,-170.569,9999,9999
1233,-80.425201,-170.457993,9999,9999
1234,-80.421097,-170.342804,9999,9999
1235,-80.4198,-170.226303,9999,9999
1236,-80.417099,-170.111206,9999,9999
1237,-80.417099,-170.001602,9999,9999
1238,-80.411697,-169.891907,9999,9999
1239,-80.411697,-169.770004,9999,9999
1240,-80.408997,-169.658905,9999,9999
1241,-80.406296,-169.550705,9999,9999
1242,-80.403595,-169.445099,9999,9999
1243,-80.402298,-169.320404,9999,9999
1244,-80.399597,-169.202499,9999,9999
1245,-80.394104,-169.099701,9999,9999
1246,-80.394196,-168.981796,9999,9999
1247,-80.394196,-168.866699,9999,9999
1248,-80.391495,-168.759796,9999,9999
1249,-80.390198,-168.643402,9999,9999
1250,-80.390305,-168.531006,9999,9999
1251,-80.387604,-168.419998,9999,9999
1252,-80.3862,-168.299301,9999,9999
1253,-80.384903,-168.186996,9999,9999
1254,-80.383606,-168.066406,9999,9999
1255,-80.382294,-167.959503,9999,9999
1256,-80.380997,-167.843002,9999,9999
1257,-80.378296,-167.7388,9999,9999
1258,-80.375595,-167.620895,9999,9999
1259,-80.375595,-167.507202,9999,9999
1260,-80.372894,-167.389297,9999,9999
1261,-80.371597,-167.257706,9999,9999
1262,-80.368896,-167.1371,9999,9999
1263,-80.366196,-167.020599,9999,9999
1264,-80.366302,-166.921906,9999,9999
1265,-80.360794,-166.817703,9999,9999
1266,-80.358093,-166.713501,9999,9999
1267,-80.356796,-166.612106,9999,9999
1268,-80.356796,-166.510696,9999,9999
1269,-80.355499,-166.410706,9999,9999
1270,-80.352798,-166.294098,9999,9999
1271,-80.352905,-166.192703,9999,9999
1272,-80.350204,-166.092697,9999,9999
1273,-80.347504,-166.003601,9999,9999
1274,-80.344803,-165.895401,9999,9999
1275,-80.342102,-165.7966,9999,9999
1276,-80.339401,-165.697906,9999,9999
1277,-80.339401,-165.596603,9999,9999
1278,-80.3367,-165.496506,9999,9999
1279,-80.336807,-165.391006,9999,9999
1280,-80.334106,-165.286804,9999,9999
1281,-80.331299,-165.184006,9999,9999
1282,-80.328598,-165.092194,9999,9999
1283,-80.327301,-164.997696,9999,9999
1284,-80.3246,-164.897598,9999,9999
1285,-80.321899,-164.800201,9999,9999
1286,-80.317795,-164.719406,9999,9999
1287,-80.312393,-164.623398,9999,9999
1288,-80.309692,-164.522003,9999,9999
1289,-80.304306,-164.424606,9999,9999
1290,-80.302902,-164.327301,9999,9999
1291,-80.297501,-164.242203,9999,9999
1292,-80.293396,-164.150406,9999,9999
1293,-80.289307,-164.054398,9999,9999
1294,-80.286606,-163.9599,9999,9999
1295,-80.283905,-163.870804,9999,9999
1296,-80.279907,-163.7789,9999,9999
1297,-80.2771,-163.687103,9999,9999
1298,-80.273102,-163.5952,9999,9999
1299,-80.267593,-163.506104,9999,9999
1300,-80.262207,-163.415604,9999,9999
1301,-80.259506,-163.330597,9999,9999
1302,-80.256805,-163.241501,9999,9999
1303,-80.252701,-163.156494,9999,9999
1304,-80.248596,-163.067398,9999,9999
1305,-80.245895,-162.986603,9999,9999
1306,-80.241806,-162.890594,9999,9999
1307,-80.237701,-162.809692,9999,9999
1308,-80.233704,-162.730194,9999,9999
1309,-80.231003,-162.642502,9999,9999
1310,-80.226898,-162.560196,9999,9999
1311,-80.222794,-162.475204,9999,9999
1312,-80.218704,-162.388794,9999,9999
1313,-80.214706,-162.312103,9999,9999
1314,-80.210602,-162.224304,9999,9999
1315,-80.207901,-162.133804,9999,9999
1316,-80.2052,-162.047501,9999,9999
1317,-80.202499,-161.959702,9999,9999
1318,-80.198395,-161.878906,9999,9999
1319,-80.197098,-161.796707,9999,9999
1320,-80.192993,-161.706207,9999,9999
1321,-80.191696,-161.618393,9999,9999
1322,-80.191696,-161.539001,9999,9999
1323,-80.188995,-161.453995,9999,9999
1324,-80.194504,-161.373306,9999,9999
1325,-80.208298,-161.3573,9999,9999
1326,-80.219299,-161.412598,9999,9999
1327,-80.227402,-161.487106,9999,9999
1328,-80.234299,-161.557404,9999,9999
1329,-80.243896,-161.629196,9999,9999
1330,-80.249298,-161.706406,9999,9999
1331,-80.242401,-161.768204,9999,9999
1332,-80.228699,-161.764008,9999,9999
1333,-80.217697,-161.731094,9999,9999
1334,-80.209503,-161.687195,9999,9999
1335,-80.202698,-161.647507,9999,9999
1336,-80.197205,-161.6091,9999,9999
1337,-80.194504,-161.5681,9999,9999
1338,-80.194504,-161.562805,9999,9999
1339,-80.1931,-161.560394,9999,9999
1340,-80.1931,-161.560699,9999,9999
1341,-80.191696,-161.560898,9999,9999
1342,-80.191696,-161.561295,9999,9999
